{
  "cloudant_apikey": "REPLACEME.node-red-dkqmq-cloudant-1668582068633.apikey",
  "cloudant_host": "REPLACEME.node-red-dkqmq-cloudant-1668582068633.host",
  "cloudant_iam_apikey_description": "REPLACEME.node-red-dkqmq-cloudant-1668582068633.iam_apikey_description",
  "cloudant_iam_apikey_name": "REPLACEME.node-red-dkqmq-cloudant-1668582068633.iam_apikey_name",
  "cloudant_iam_role_crn": "REPLACEME.node-red-dkqmq-cloudant-1668582068633.iam_role_crn",
  "cloudant_iam_serviceid_crn": "REPLACEME.node-red-dkqmq-cloudant-1668582068633.iam_serviceid_crn",
  "cloudant_password": "REPLACEME.node-red-dkqmq-cloudant-1668582068633.password",
  "cloudant_port": 443,
  "cloudant_url": "REPLACEME.node-red-dkqmq-cloudant-1668582068633.url",
  "cloudant_username": "REPLACEME.node-red-dkqmq-cloudant-1668582068633.username"
}
